{
    "similarity_good_excellent": 0.9825485944747925,
    "similarity_good_bad": 0.9788737297058105
}